raceId,year,round,circuitId,name,date
951,2016,4,71,Russian Grand Prix,2016-05-01
842,2011,2,2,Malaysian Grand Prix,2011-04-10
848,2011,8,12,European Grand Prix,2011-06-26
970,2017,2,17,Chinese Grand Prix,2017-04-09
987,2017,19,18,Brazilian Grand Prix,2017-11-12
927,2015,2,2,Malaysian Grand Prix,2015-03-29
931,2015,6,6,Monaco Grand Prix,2015-05-24
972,2017,4,71,Russian Grand Prix,2017-04-30
891,2013,11,13,Belgian Grand Prix,2013-08-25
965,2016,18,69,United States Grand Prix,2016-10-23
956,2016,9,70,Austrian Grand Prix,2016-07-03
909,2014,10,10,German Grand Prix,2014-07-20
895,2013,15,22,Japanese Grand Prix,2013-10-13
887,2013,8,9,British Grand Prix,2013-06-30
945,2015,19,24,Abu Dhabi Grand Prix,2015-11-29
928,2015,3,17,Chinese Grand Prix,2015-04-12
888,2013,9,20,German Grand Prix,2013-07-07
980,2017,12,13,Belgian Grand Prix,2017-08-27
868,2012,9,9,British Grand Prix,2012-07-08
850,2011,10,20,German Grand Prix,2011-07-24
939,2015,13,15,Singapore Grand Prix,2015-09-20
858,2011,18,24,Abu Dhabi Grand Prix,2011-11-13
960,2016,13,13,Belgian Grand Prix,2016-08-28
968,2016,21,24,Abu Dhabi Grand Prix,2016-11-27
955,2016,8,73,European Grand Prix,2016-06-19
984,2017,16,22,Japanese Grand Prix,2017-10-08
900,2014,1,1,Australian Grand Prix,2014-03-16
852,2011,12,13,Belgian Grand Prix,2011-08-28
936,2015,10,11,Hungarian Grand Prix,2015-07-26
859,2011,19,18,Brazilian Grand Prix,2011-11-27
975,2017,7,7,Canadian Grand Prix,2017-06-11
899,2013,19,18,Brazilian Grand Prix,2013-11-24
897,2013,17,24,Abu Dhabi Grand Prix,2013-11-03
885,2013,6,6,Monaco Grand Prix,2013-05-26
871,2012,12,13,Belgian Grand Prix,2012-09-02
914,2014,15,22,Japanese Grand Prix,2014-10-05
883,2013,4,3,Bahrain Grand Prix,2013-04-21
870,2012,11,11,Hungarian Grand Prix,2012-07-29
988,2017,20,24,Abu Dhabi Grand Prix,2017-11-26
906,2014,7,7,Canadian Grand Prix,2014-06-08
892,2013,12,14,Italian Grand Prix,2013-09-08
890,2013,10,11,Hungarian Grand Prix,2013-07-28
876,2012,17,68,Indian Grand Prix,2012-10-28
875,2012,16,35,Korean Grand Prix,2012-10-14
869,2012,10,10,German Grand Prix,2012-07-22
932,2015,7,7,Canadian Grand Prix,2015-06-07
849,2011,9,9,British Grand Prix,2011-07-10
847,2011,7,7,Canadian Grand Prix,2011-06-12
913,2014,14,15,Singapore Grand Prix,2014-09-21
967,2016,20,18,Brazilian Grand Prix,2016-11-13
966,2016,19,32,Mexican Grand Prix,2016-10-30
846,2011,6,6,Monaco Grand Prix,2011-05-29
851,2011,11,11,Hungarian Grand Prix,2011-07-31
957,2016,10,9,British Grand Prix,2016-07-10
860,2012,1,1,Australian Grand Prix,2012-03-18
854,2011,14,15,Singapore Grand Prix,2011-09-25
977,2017,9,70,Austrian Grand Prix,2017-07-09
857,2011,17,68,Indian Grand Prix,2011-10-30
986,2017,18,32,Mexican Grand Prix,2017-10-29
905,2014,6,6,Monaco Grand Prix,2014-05-25
916,2014,17,69,United States Grand Prix,2014-11-02
880,2013,1,1,Australian Grand Prix,2013-03-17
904,2014,5,4,Spanish Grand Prix,2014-05-11
973,2017,5,4,Spanish Grand Prix,2017-05-14
855,2011,15,22,Japanese Grand Prix,2011-10-09
976,2017,8,73,Azerbaijan Grand Prix,2017-06-25
933,2015,8,70,Austrian Grand Prix,2015-06-21
856,2011,16,35,Korean Grand Prix,2011-10-16
915,2014,16,71,Russian Grand Prix,2014-10-12
958,2016,11,11,Hungarian Grand Prix,2016-07-24
944,2015,18,18,Brazilian Grand Prix,2015-11-15
903,2014,4,17,Chinese Grand Prix,2014-04-20
874,2012,15,22,Japanese Grand Prix,2012-10-07
844,2011,4,5,Turkish Grand Prix,2011-05-08
864,2012,5,4,Spanish Grand Prix,2012-05-13
872,2012,13,14,Italian Grand Prix,2012-09-09
929,2015,4,3,Bahrain Grand Prix,2015-04-19
917,2014,18,18,Brazilian Grand Prix,2014-11-09
886,2013,7,7,Canadian Grand Prix,2013-06-09
926,2015,1,1,Australian Grand Prix,2015-03-15
974,2017,6,6,Monaco Grand Prix,2017-05-28
978,2017,10,9,British Grand Prix,2017-07-16
882,2013,3,17,Chinese Grand Prix,2013-04-14
877,2012,18,24,Abu Dhabi Grand Prix,2012-11-04
934,2015,9,9,British Grand Prix,2015-07-05
861,2012,2,2,Malaysian Grand Prix,2012-03-25
912,2014,13,14,Italian Grand Prix,2014-09-07
969,2017,1,1,Australian Grand Prix,2017-03-26
902,2014,3,3,Bahrain Grand Prix,2014-04-06
938,2015,12,14,Italian Grand Prix,2015-09-06
911,2014,12,13,Belgian Grand Prix,2014-08-24
941,2015,15,71,Russian Grand Prix,2015-10-11
863,2012,4,3,Bahrain Grand Prix,2012-04-22
964,2016,17,22,Japanese Grand Prix,2016-10-09
867,2012,8,12,European Grand Prix,2012-06-24
949,2016,2,3,Bahrain Grand Prix,2016-04-03
878,2012,19,69,United States Grand Prix,2012-11-18
896,2013,16,68,Indian Grand Prix,2013-10-27
940,2015,14,22,Japanese Grand Prix,2015-09-27
948,2016,1,1,Australian Grand Prix,2016-03-20
962,2016,15,15,Singapore Grand Prix,2016-09-18
881,2013,2,2,Malaysian Grand Prix,2013-03-24
841,2011,1,1,Australian Grand Prix,2011-03-27
873,2012,14,15,Singapore Grand Prix,2012-09-23
953,2016,6,6,Monaco Grand Prix,2016-05-29
843,2011,3,17,Chinese Grand Prix,2011-04-17
943,2015,17,32,Mexican Grand Prix,2015-11-01
879,2012,20,18,Brazilian Grand Prix,2012-11-25
963,2016,16,2,Malaysian Grand Prix,2016-10-02
942,2015,16,69,United States Grand Prix,2015-10-25
952,2016,5,4,Spanish Grand Prix,2016-05-15
862,2012,3,17,Chinese Grand Prix,2012-04-15
982,2017,14,15,Singapore Grand Prix,2017-09-17
865,2012,6,6,Monaco Grand Prix,2012-05-27
983,2017,15,2,Malaysian Grand Prix,2017-10-01
950,2016,3,17,Chinese Grand Prix,2016-04-17
959,2016,12,10,German Grand Prix,2016-07-31
894,2013,14,35,Korean Grand Prix,2013-10-06
845,2011,5,4,Spanish Grand Prix,2011-05-22
907,2014,8,70,Austrian Grand Prix,2014-06-22
866,2012,7,7,Canadian Grand Prix,2012-06-10
971,2017,3,3,Bahrain Grand Prix,2017-04-16
930,2015,5,4,Spanish Grand Prix,2015-05-10
985,2017,17,69,United States Grand Prix,2017-10-22
901,2014,2,2,Malaysian Grand Prix,2014-03-30
853,2011,13,14,Italian Grand Prix,2011-09-11
908,2014,9,9,British Grand Prix,2014-07-06
898,2013,18,69,United States Grand Prix,2013-11-17
979,2017,11,11,Hungarian Grand Prix,2017-07-30
954,2016,7,7,Canadian Grand Prix,2016-06-12
981,2017,13,14,Italian Grand Prix,2017-09-03
910,2014,11,11,Hungarian Grand Prix,2014-07-27
893,2013,13,15,Singapore Grand Prix,2013-09-22
918,2014,19,24,Abu Dhabi Grand Prix,2014-11-23
937,2015,11,13,Belgian Grand Prix,2015-08-23
884,2013,5,4,Spanish Grand Prix,2013-05-12
961,2016,14,14,Italian Grand Prix,2016-09-04
